{
  "project_info": {
    "project_number": "410252346483",
    "firebase_url": "https://login123-2d3c5.firebaseio.com",
    "project_id": "login123-2d3c5",
    "storage_bucket": "login123-2d3c5.appspot.com"
  },
  "client": [
    {
      "client_info": {
        "mobilesdk_app_id": "1:410252346483:android:7344dcbe955d4d5ce4d606",
        "android_client_info": {
          "package_name": "com.example.admin.signup"
        }
      },
      "oauth_client": [
        {
          "client_id": "410252346483-ubp4b2k7c66ov9sh0u8b14s0atttprdu.apps.googleusercontent.com",
          "client_type": 3
        }
      ],
      "api_key": [
        {
          "current_key": "AIzaSyB1bXjfIjDEX6dx6HPrSoQiVmDXdeSHH6c"
        }
      ],
      "services": {
        "appinvite_service": {
          "other_platform_oauth_client": [
            {
              "client_id": "410252346483-ubp4b2k7c66ov9sh0u8b14s0atttprdu.apps.googleusercontent.com",
              "client_type": 3
            }
          ]
        }
      }
    }
  ],
  "configuration_version": "1"
}